{"cameraMode":{"drawMode":0,"name":"Shaded","section":"Shading Mode"},"sceneLighting":false,"audioPlay":false,"sceneViewState":{"m_AlwaysRefresh":false,"showFog":true,"showSkybox":false,"showFlares":true,"showImageEffects":true,"showParticleSystems":true,"showVisualEffectGraphs":true,"m_FxEnabled":true},"in2DMode":false,"pivot":{"x":1.7995073795318604,"y":-0.43000006675720217,"z":3.9100000858306886},"rotation":{"x":0.10432840138673783,"y":-0.7079328298568726,"z":0.10699647665023804,"w":0.6903101205825806},"size":1.936220407485962,"orthographic":false}