{"cameraMode":{"drawMode":0,"name":"Shaded","section":"Shading Mode"},"sceneLighting":true,"audioPlay":false,"sceneViewState":{"m_AlwaysRefresh":false,"showFog":true,"showSkybox":true,"showFlares":true,"showImageEffects":true,"showParticleSystems":true,"showVisualEffectGraphs":true,"m_FxEnabled":true},"in2DMode":false,"pivot":{"x":-3.8285655975341799,"y":0.11144518852233887,"z":-24.312999725341798},"rotation":{"x":-0.06820924580097199,"y":0.7221652269363403,"z":-0.07195554673671723,"w":-0.6845964789390564},"size":12.205889701843262,"orthographic":false}