{"cameraMode":{"drawMode":0,"name":"Shaded","section":"Shading Mode"},"sceneLighting":true,"audioPlay":false,"sceneViewState":{"m_AlwaysRefresh":false,"showFog":true,"showSkybox":true,"showFlares":true,"showImageEffects":true,"showParticleSystems":true,"showVisualEffectGraphs":true,"m_FxEnabled":true},"in2DMode":false,"pivot":{"x":-23.70016860961914,"y":4.809020519256592,"z":-27.281517028808595},"rotation":{"x":-0.00756809301674366,"y":-0.6703934073448181,"z":-0.006828156765550375,"w":0.7420394420623779},"size":17.953632354736329,"orthographic":false}