{"cameraMode":{"drawMode":0,"name":"Shaded","section":"Shading Mode"},"sceneLighting":true,"audioPlay":false,"sceneViewState":{"m_AlwaysRefresh":false,"showFog":true,"showSkybox":true,"showFlares":true,"showImageEffects":true,"showParticleSystems":true,"showVisualEffectGraphs":true,"m_FxEnabled":true},"in2DMode":false,"pivot":{"x":2.6134469509124758,"y":0.1581646203994751,"z":1.8683212995529175},"rotation":{"x":0.12207189947366715,"y":-0.7196789979934692,"z":0.13096244633197785,"w":0.6708473563194275},"size":5.30735969543457,"orthographic":false}