{"cameraMode":{"drawMode":0,"name":"Shaded","section":"Shading Mode"},"sceneLighting":true,"audioPlay":false,"sceneViewState":{"m_AlwaysRefresh":false,"showFog":true,"showSkybox":true,"showFlares":true,"showImageEffects":true,"showParticleSystems":true,"showVisualEffectGraphs":true,"m_FxEnabled":true},"in2DMode":false,"pivot":{"x":8.146024703979493,"y":0.19098186492919923,"z":-19.217838287353517},"rotation":{"x":-0.16220587491989137,"y":0.6919403076171875,"z":-0.16406527161598206,"w":-0.6840983033180237},"size":12.43658447265625,"orthographic":false}