{"cameraMode":{"drawMode":0,"name":"Shaded","section":"Shading Mode"},"sceneLighting":false,"audioPlay":false,"sceneViewState":{"m_AlwaysRefresh":false,"showFog":true,"showSkybox":false,"showFlares":true,"showImageEffects":true,"showParticleSystems":true,"showVisualEffectGraphs":true,"m_FxEnabled":true},"in2DMode":false,"pivot":{"x":1.3053004741668702,"y":0.42291736602783205,"z":22.110193252563478},"rotation":{"x":0.08045482635498047,"y":-0.7212206721305847,"z":0.0850127786397934,"w":0.6828578114509583},"size":4.330127239227295,"orthographic":false}