{"cameraMode":{"drawMode":0,"name":"Shaded","section":"Shading Mode"},"sceneLighting":false,"audioPlay":false,"sceneViewState":{"m_AlwaysRefresh":false,"showFog":true,"showSkybox":false,"showFlares":true,"showImageEffects":true,"showParticleSystems":true,"showVisualEffectGraphs":true,"m_FxEnabled":true},"in2DMode":false,"pivot":{"x":3.8603999614715578,"y":1.7799999713897706,"z":38.34000015258789},"rotation":{"x":-0.0028608348220586778,"y":-0.7323656678199768,"z":-0.0030652026180177929,"w":0.6810117959976196},"size":2.655829906463623,"orthographic":false}